{
  "friendly": "一般应用",
  "modes": [{
    "mode": ["powersave"],
    "state": {
      "active": [
        ["@preset", "powersave_active"],
        ["$sched_boost", "2"],
        ["@fps", "0"]
      ],
      "inactive": [
        ["@preset", "powersave_inactive"],
        ["@fps", "60"]
      ]
    }
  }, {
    "mode": ["balance"],
    "state": {
      "active": [
        ["@preset", "balance_active"],
        ["$sched_boost", "2"]
      ],
      "inactive": [
        ["@preset", "balance_inactive"]
      ]
    }
  }, {
    "mode": ["performance"],
    "state": {
      "active": [
        ["@preset", "performance_active"],
        ["$sched_boost", "2"]
      ],
      "inactive": [
        ["@preset", "performance_inactive"]
      ]
    }
  }, {
    "mode": ["*"],
    "state": {
      "active": [
        ["@preset", "fast_active"],
        ["$sched_boost", "1"]
      ],
      "inactive": [
        ["@preset", "fast_inactive"]
      ]
    }
  }]
}