 {
    "friendly": "所有游戏",
    "modes": [
      {
        "mode": ["powersave"],
        "call": [
          ["@cpu_freqs_max", "1459200", "#1497600", "#1075200", "#1824000"],
["@cpu_freqs_min", "672000", "729600", "614400", "787200"],
        ["@target_loads",
          "85 1459200:90",
          "80 729600:90 1286400:95",
          "80",
          "80 960000:85 1248000:90 1478400:95"]
        ]
      },
      {
        "mode": ["balance"],
        "call": [
          ["@cpu_freqs_max", "1459200", "#1824000", "#1075200", "#1824000"],
["@cpu_freqs_min", "787200", "729600", "729600", "787200"],
      [
        "@target_loads",
        "85 1459200:90",
        "80 1286400:85 1401600:90",
        "80",
        "80 1248000:85 1478400:90"
      ]
        ]
      },
      {
        "mode": ["performance"],
        "call": [
          ["@cpu_freqs_max", "1459200", "#2035200", "#1075200", "#2035200"],
["@cpu_freqs_min", "902400", "1075200", "960000", "1017600"],
      [
        "@target_loads",
        "80 1459200:90",
        "80 1401600:85 1824000:90",
        "80",
        "80 1478400:85 1824000:90"
      ]
        ]
      },
      {
        "mode": ["*"],
        "call": [
          ["@cpu_freqs_max", "1459200", "#3148800", "#1075200", "#3302400"],
["@cpu_freqs_min", "1017600", "1497600", "960000", "1478400"],
      [
        "@target_loads",
        "80 1459200:90",
        "80 1824000:85 2438400:90",
        "80",
        "80 1824000:85 2438400:90"
      ]
        ]
      }
    ]
 }