{
  "friendly": "所有游戏",
  "modes": [
    {
      "mode": ["powersave"],
      "call": [
        ["@cpu_freqs_max", "1670400", "#1920000", "#1017600", "#2092800"],
        ["@cpu_freqs_min", "672000", "729600", "614400", "787200"],
        ["@target_loads",
          "80 1574400:90 1689600:95",
          "80 960000:90 1286400:95",
          "80 960000:90",
          "80 1075200:85 1478400:90 1708800:95"
        ]
      ],
      "fas": {
        "use": "whitelist",
        "freq": ["2380800", "2380800"]
      }
    },
    {
      "mode": ["balance"],
      "call": [
        ["@cpu_freqs_max", "1804800", "#2438400", "#1017600", "#2476800"],
        ["@cpu_freqs_min", "787200", "729600", "729600", "787200"],
        ["@target_loads",
          "80 1574400:85",
          "80 1824000:85",
          "80",
          "72 1497600:75 1939200:80"]
      ],
      "fas": {
        "use": "whitelist",
        "freq": ["2630400", "2630400"]
      }
    },
    {
      "mode": ["performance"],
      "call": [
        ["@cpu_freqs_max", "#1804800", "#2630400", "#1017600", "#2688000"],
        ["@cpu_freqs_min", "902400", "1075200", "960000", "1017600"],
        ["@target_loads",
          "80 1574400:85",
          "80 2188800:85",
          "80",
          "70 1708800:75 2112000:80"]
      ],
      "fas": {
        "use": "whitelist",
        "freq": ["2995200", "2841600"]
      }
    },
    {
      "mode": ["*"],
      "call": [
        ["@cpu_freqs_max", "#1804800", "#2956800", "#1190400", "#2995200"],
        ["@cpu_freqs_min", "1017600", "1497600", "960000", "1478400"],
        ["@target_loads",
          "80 1689600:85",
          "80 2707200:85",
          "80",
          "70 1939200:75 2438400:80 2630400:85"]
      ],
      "fas": {
        "use": "whitelist",
        "freq": ["3110400", "2956800"]
      }
    }
  ]
}