 {
    "friendly": "所有游戏",
    "modes": [
      {
        "mode": ["powersave"],
        "call": [
          ["@cpu_freqs_max", "1459200", "#1824000", "#1075200", "#1478400"],
          ["@cpu_freqs_min", "672000", "729600", "960000", "787200"],
          [
            "@target_loads",
            "90",
            "80 1286400:85 1401600:90",
            "90",
            "82 902600:85 1248000:90"
          ]
          ],
          "fas": {
        "use": "whitelist",
        "freq": ["2380800", "2380800"]
      }
      },
      {
        "mode": ["balance"],
        "call": [
          ["@cpu_freqs_max", "1459200", "#2035200", "#1401600", "#1824000"],
          ["@cpu_freqs_min", "672000", "729600", "960000", "787200"],
          [
            "@target_loads",
            "90",
            "80 1286400:85 1612800:90",
            "80 1075200:85",
            "75 902600:80 1286400:85 1478400:90"
          ]
          ],
          "fas": {
        "use": "whitelist",
        "freq": ["2630400", "2630400"]
      }
        
      },
      {
        "mode": ["performance"],
        "call": [
          ["@cpu_freqs_max", "1804800", "#2630400", "#1075200", "#2688000"],
          ["@cpu_freqs_min", "672000", "729600", "960000", "787200"],
          [
            "@target_loads",
            "80 1459200:90",
            "80 1824000:85 2035200:90",
            "80",
            "80 1824000:85 2035200:90"
          ]
          ],
          "fas": {
        "use": "whitelist",
        "freq": ["2995200", "2841600"]
      }
       
      },
      {
      "mode": ["*"],
      "call": [
        ["@cpu_freqs_max", "#1804800", "#3148800", "#1190400", "#3302400"],
        ["@cpu_freqs_min", "1017600", "1248400", "960000", "1478400"],
        ["@target_loads",
          "80 1689600:85",
          "80 2438400:85",
          "80",
          "70 1824000:75 2438400:80 2630400:85"]
      ],
      "fas": {
        "use": "whitelist",
        "freq": ["3110400", "2956800"]
      }
    }
  ]
}